{
  "materials": [
    {
      "material_id": "mp-1",
      "formula": "Cs",
      "structure": {
        "@module": "pymatgen.core.structure",
        "@class": "Structure",
        "lattice": {
          "matrix": [
            [
              5.10876204,
              1e-08,
              -1.80622075
            ],
            [
              -2.55438101,
              4.42431802,
              -1.80622075
            ],
            [
              -3.0000000000000004e-08,
              -4e-08,
              5.41866011
            ]
          ],
          "a": 5.418660625936591,
          "b": 5.4186608755370465,
          "c": 5.41866011,
          "alpha": 109.4712259804619,
          "beta": 109.47122702310206,
          "gamma": 109.47121343267698,
          "volume": 122.47682480324497
        },
        "sites": [
          {
            "species": [
              {
                "element": "Cs",
                "occu": 1
              }
            ],
            "abc": [
              -0.0,
              -0.0,
              -0.0
            ],
            "label": "Cs",
            "xyz": [
              0.0,
              0.0,
              0.0
            ]
          }
        ]
      },
      "bulk_modulus": 1.974,
      "shear_modulus": 0.604
    },
    {
      "material_id": "mp-1000",
      "formula": "BaTe",
      "structure": {
        "@module": "pymatgen.core.structure",
        "@class": "Structure",
        "lattice": {
          "matrix": [
            [
              4.34162192,
              0.0,
              2.50663673
            ],
            [
              1.44720731,
              4.09332126,
              2.50663673
            ],
            [
              0.0,
              0.0,
              5.01327346
            ]
          ],
          "a": 5.013273241347371,
          "b": 5.013273943429635,
          "c": 5.01327346,
          "alpha": 60.00000318987623,
          "beta": 59.99999855723588,
          "gamma": 60.00000363270145,
          "volume": 89.09415786940792
        },
        "sites": [
          {
            "species": [
              {
                "element": "Ba",
                "occu": 1
              }
            ],
            "abc": [
              -0.0,
              -0.0,
              -0.0
            ],
            "label": "Ba",
            "xyz": [
              0.0,
              0.0,
              0.0
            ]
          },
          {
            "species": [
              {
                "element": "Te",
                "occu": 1
              }
            ],
            "abc": [
              0.5,
              0.5,
              0.5
            ],
            "label": "Te",
            "xyz": [
              2.8944146149999996,
              2.04666063,
              5.01327346
            ]
          }
        ]
      },
      "bulk_modulus": 28.286,
      "shear_modulus": 16.564
    }
  ]
}
